time,temp,dwpt,rhum,prcp,snow,wdir,wspd,wpgt,pres,tsun,coco
2022-05-01 00:00:00,11.1,0.5,48,0,,180,5.4,,1019.1,,2
2022-05-01 01:00:00,10.6,2.2,56,0,,180,7.6,,1019.4,,2
2022-05-01 02:00:00,8.9,2.2,63,0,,190,7.6,,1019.3,,2
2022-05-01 03:00:00,8.9,2.2,63,0,,220,5.4,,1019.4,,1
2022-05-01 04:00:00,8.9,2.9,66,0,,10,5.4,,1019.4,,1
2022-05-01 05:00:00,7.2,1.7,68,0,,20,11.2,,1019.6,,1
2022-05-01 06:00:00,6.7,0.6,65,0,,20,13,,1019.7,,2
2022-05-01 07:00:00,8.9,1.1,58,0,,30,14.8,,1020.3,,2
2022-05-01 08:00:00,11.7,0.2,45,0,,10,14.8,,1020.5,,2
2022-05-01 09:00:00,14.4,-0.5,36,0,,40,11.2,,1020.7,,2
2022-05-01 10:00:00,15.6,0.2,35,0,,30,7.6,,1020.5,,2
2022-05-01 11:00:00,17.8,-2.5,25,0,,120,9.4,,1020.8,,3
2022-05-01 12:00:00,18.3,-4.4,21,0,,105,9.4,,1020.6,,3
2022-05-01 13:00:00,20,0.4,27,0,,120,7.6,,1019.9,,3
2022-05-01 14:00:00,19.4,-1.1,25,0,,120,20.5,,1019.3,,3
2022-05-01 15:00:00,20,-2.4,22,0,,130,14.8,,1018.7,,3
2022-05-01 16:00:00,19.4,-2.3,23,0,,140,16.6,,1018.2,,3
2022-05-01 17:00:00,17.8,-1.5,27,0,,130,16.6,,1018.3,,3
2022-05-01 18:00:00,17.8,1.3,33,0,,130,16.6,,1018.3,,3
2022-05-01 19:00:00,16.1,1.8,38,0,,120,11.2,,1017.7,,4
2022-05-01 20:00:00,14.4,5.7,56,0,,110,14.8,,1017.3,,4
2022-05-01 21:00:00,13.9,7.2,64,0,,150,14.8,,1017.8,,4
2022-05-01 22:00:00,13.9,7.9,67,,,150,7.6,,1018.4,,4
2022-05-01 23:00:00,13.9,8.3,69,,,150,7.6,,1018.6,,4
2022-05-02 00:00:00,14.4,7.9,65,,,120,7.6,,1018.4,,4
2022-05-02 01:00:00,14.4,7.9,65,0,,100,9.4,,1018.3,,4
2022-05-02 02:00:00,13.9,7.2,64,0,,120,9.4,,1017.8,,4
2022-05-02 03:00:00,13.9,6.7,62,0,,90,9.4,,1017.3,,4
2022-05-02 04:00:00,13.3,6.2,62,0.3,,160,7.6,,1017.2,,4
2022-05-02 05:00:00,12.8,7.9,72,0.3,,110,7.6,,1016.5,,4
2022-05-02 06:00:00,12.8,7.9,72,2.8,,110,24.1,,1015.8,,4
2022-05-02 07:00:00,12.2,9.4,83,1.8,,60,20.5,,1016.5,,7
2022-05-02 08:00:00,12.2,9.9,86,,,30,5.4,,1017.7,,7
2022-05-02 09:00:00,13.3,11.2,87,0,,60,13,,1018,,7
2022-05-02 10:00:00,13.9,11.1,83,0,,60,9.4,,1017.4,,7
2022-05-02 11:00:00,13.9,11.1,83,0,,80,14.8,,1016.9,,7
2022-05-02 12:00:00,13.3,11.7,90,0.3,,70,9.4,,1017.3,,7
2022-05-02 13:00:00,13.9,12.3,90,0.3,,80,9.4,,1016.7,,4
2022-05-02 14:00:00,14.4,12.3,87,,,90,13,,1016.4,,4
2022-05-02 15:00:00,14.4,11.7,84,0,,40,13,,1015.9,,4
2022-05-02 16:00:00,13.9,11.8,87,0,,340,11.2,,1016.6,,4
2022-05-02 17:00:00,14.4,12.3,87,,,30,11.2,,1016.4,,4
2022-05-02 18:00:00,14.4,11.7,84,0,,10,13,,1016.7,,4
2022-05-02 19:00:00,14.4,11.7,84,0,,30,11.2,,1016.9,,4
2022-05-02 20:00:00,13.9,11.8,87,0,,40,14.8,,1017.5,,3
2022-05-02 21:00:00,13.3,11.2,87,0,,30,13,,1018,,3
2022-05-02 22:00:00,13.3,11.2,87,0,,20,16.6,,1018.5,,3
2022-05-02 23:00:00,13.3,10.7,84,0,,20,14.8,,1018.6,,3
2022-05-03 00:00:00,13.3,10.7,84,0,,30,13,,1019,,3
2022-05-03 01:00:00,13.3,10.7,84,0,,20,13,,1019.5,,3
2022-05-03 02:00:00,12.8,10,83,0,,40,13,,1019.4,,2
2022-05-03 03:00:00,12.2,9.4,83,0,,20,16.6,,1019.2,,3
2022-05-03 04:00:00,12.2,9.4,83,0,,20,11.2,,1019.7,,3
2022-05-03 05:00:00,11.7,8.4,80,0,,360,11.2,,1020,,3
2022-05-03 06:00:00,10.6,8.4,86,0,,20,14.8,,1020.1,,4
2022-05-03 07:00:00,11.7,8.9,83,0,,20,18.4,,1020.4,,3
2022-05-03 08:00:00,13.3,9.4,77,0,,20,16.6,,1021,,3
2022-05-03 09:00:00,15,8.9,67,0,,20,20.5,,1021.3,,3
2022-05-03 10:00:00,16.1,8.8,62,0,,40,14.8,,1021.5,,3
2022-05-03 11:00:00,17.2,8.9,58,0,,30,16.6,,1021.4,,3
2022-05-03 12:00:00,17.2,8.9,58,0,,40,9.4,,1021.4,,3
2022-05-03 13:00:00,17.8,8.9,56,0,,80,18.4,,1020.9,,3
2022-05-03 14:00:00,17.8,8.4,54,0,,100,13,,1021.3,,3
2022-05-03 15:00:00,16.7,8.4,58,0,,150,16.6,,1021.3,,4
2022-05-03 16:00:00,15.6,8.3,62,0,,140,16.6,,1021.2,,4
2022-05-03 17:00:00,14.4,7.9,65,0,,150,18.4,,1020.9,,4
2022-05-03 18:00:00,13.3,8.4,72,0,,140,13,,1020.9,,4
2022-05-03 19:00:00,13.3,7.7,69,0,,140,18.4,,1020.5,,4
2022-05-03 20:00:00,12.8,7.9,72,0,,140,18.4,,1019.9,,4
2022-05-03 21:00:00,12.2,7.9,75,0,,120,20.5,,1019.3,,4
2022-05-03 22:00:00,11.7,8.4,80,0,,110,14.8,,1019.9,,4
2022-05-03 23:00:00,11.7,8.4,80,0,,120,13,,1019.9,,4
2022-05-04 00:00:00,11.1,8.3,83,0,,120,14.8,,1019.3,,4
2022-05-04 01:00:00,10.6,8.9,89,,,120,13,,1018.9,,7
2022-05-04 02:00:00,10.6,8.9,89,,,100,9.4,,1018.6,,7
2022-05-04 03:00:00,10.6,8.4,86,,,100,11.2,,1018.1,,7
2022-05-04 04:00:00,10.6,8.9,89,1.8,,100,7.6,,1017.8,,8
2022-05-04 05:00:00,10.6,9.4,92,,,90,5.4,,1016.7,,8
2022-05-04 06:00:00,11.1,9.4,89,1,,90,5.4,,1017,,7
2022-05-04 07:00:00,11.7,9.4,86,,,60,9.4,,1015.6,,7
2022-05-04 08:00:00,11.7,9.9,89,0.3,,70,9.4,,1015,,7
2022-05-04 09:00:00,12.2,9.9,86,,,70,5.4,,1016.1,,7
2022-05-04 10:00:00,12.2,10.6,90,0.8,,70,9.4,,1015.2,,4
2022-05-04 11:00:00,12.8,10.7,87,,,300,5.4,,1015.8,,7
2022-05-04 12:00:00,13.3,11.2,87,0,,180,5.4,,1015.6,,4
2022-05-04 13:00:00,14.4,11.7,84,0,,276,5.4,,1015,,4
2022-05-04 14:00:00,15.6,11.8,78,0,,4,5.4,,1014.5,,4
2022-05-04 15:00:00,16.1,12.3,78,0,,0,0,,1013.8,,4
2022-05-04 16:00:00,17.8,12.3,70,0,,250,13,,1013.4,,4
2022-05-04 17:00:00,18.3,12.7,70,0,,270,14.8,,1013,,4
2022-05-04 18:00:00,20,13.2,65,0,,260,14.8,,1012.8,,4
2022-05-04 19:00:00,18.9,12.9,68,0,,250,11.2,,1013,,3
2022-05-04 20:00:00,18.3,12.7,70,0,,240,11.2,,1013.3,,3
2022-05-04 21:00:00,18.3,12.7,70,0,,260,13,,1014.3,,3
2022-05-04 22:00:00,17.8,12.9,73,0,,280,9.4,,1014.8,,3
2022-05-04 23:00:00,17.8,12.9,73,0,,310,11.2,,1015.5,,4
2022-05-05 00:00:00,17.8,12.3,70,0,,320,9.4,,1016,,4
2022-05-05 01:00:00,16.7,12.2,75,0,,20,16.6,,1016.7,,4
2022-05-05 02:00:00,16.7,11.2,70,0,,360,22.3,,1016.4,,4
2022-05-05 03:00:00,16.1,11.1,72,0,,360,22.3,,1016.6,,3
2022-05-05 04:00:00,16.1,11.1,72,0,,360,18.4,,1016.8,,4
2022-05-05 05:00:00,15.6,10.6,72,0,,10,16.6,,1017,,4
2022-05-05 06:00:00,15,10.6,75,0,,20,11.2,,1017.1,,4
2022-05-05 07:00:00,15,10.6,75,0,,20,18.4,,1018.1,,3
2022-05-05 08:00:00,16.7,11.2,70,0,,350,24.1,,1018.3,,3
2022-05-05 09:00:00,17.2,10.1,63,0,,360,20.5,,1019.6,,3
2022-05-05 10:00:00,18.3,8.8,54,0,,50,13,,1019.4,,3
2022-05-05 11:00:00,19.4,8.4,49,0,,20,9.4,,1019.2,,3
2022-05-05 12:00:00,20,7.7,45,0,,110,13,,1018.8,,3
2022-05-05 13:00:00,21.7,6.8,38,0,,66,9.4,,1018.2,,3
2022-05-05 14:00:00,22.2,6.8,37,0,,160,5.4,,1017.9,,3
2022-05-05 15:00:00,22.8,6.1,34,0,,160,7.6,,1017.4,,3
2022-05-05 16:00:00,23.3,6.1,33,0,,170,13,,1016.5,,3
2022-05-05 17:00:00,22.8,6.1,34,0,,140,11.2,,1015.9,,3
2022-05-05 18:00:00,21.1,6.6,39,0,,140,18.4,,1016.1,,3
2022-05-05 19:00:00,20.6,7.2,42,0,,150,14.8,,1016.6,,3
2022-05-05 20:00:00,19.4,7.8,47,0,,160,13,,1016.6,,3
2022-05-05 21:00:00,17.8,7.8,52,0,,170,11.2,,1016.7,,3
2022-05-05 22:00:00,17.2,7.8,54,0,,180,11.2,,1016.8,,3
2022-05-05 23:00:00,16.1,8.3,60,0,,190,11.2,,1016.9,,4
2022-05-06 00:00:00,16.1,8.3,60,0,,190,11.2,,1016.9,,4
2022-05-06 01:00:00,15.6,8.3,62,0,,160,7.6,,1015.3,,4
2022-05-06 02:00:00,15,8.2,64,0,,190,7.6,,1015.4,,4
2022-05-06 03:00:00,15.6,8.8,64,0,,180,9.4,,1015.6,,4
2022-05-06 04:00:00,15,9.4,69,0,,160,5.4,,1015,,4
2022-05-06 05:00:00,15,9.4,69,,,160,5.4,,1015,,4
2022-05-06 06:00:00,15.6,9.5,67,0,,0,0,,1014.6,,4
2022-05-06 07:00:00,14.4,10,75,0,,30,7.6,,1015.4,,4
2022-05-06 08:00:00,14.4,11.7,84,2.5,,60,7.6,,1015.2,,7
2022-05-06 09:00:00,14.4,11.7,84,1.3,,60,7.6,,1015.2,,7
2022-05-06 10:00:00,15.6,12.7,83,0.3,,40,9.4,,1014.6,,7
2022-05-06 11:00:00,16.1,12.8,81,0.3,,90,13,,1014.3,,8
2022-05-06 12:00:00,15,12.1,83,0.3,,140,11.2,,1013.6,,8
2022-05-06 13:00:00,15,11.8,81,0.5,,140,9.4,,1013.3,,8
2022-05-06 14:00:00,15,11.8,81,0.3,,140,9.4,,1013.3,,8
2022-05-06 15:00:00,13.3,10.7,84,1.5,,120,11.2,,1012.6,,8
2022-05-06 16:00:00,12.8,10.7,87,1.3,,130,13,,1012.6,,8
2022-05-06 17:00:00,12.2,9.4,83,0.2,,120,16.6,,1011.9,,8
2022-05-06 18:00:00,11.1,9.4,89,1.8,,130,11.2,,1011.5,,8
2022-05-06 19:00:00,11.1,9.4,89,1.8,,130,11.2,,1011.5,,8
2022-05-06 20:00:00,11.1,8.8,86,0.5,,80,7.6,,1011.1,,8
2022-05-06 21:00:00,11.1,8.8,86,2.8,,70,13,,1010.9,,9
2022-05-06 22:00:00,11.1,9.4,89,1.3,,60,9.4,,1010.4,,9
2022-05-06 23:00:00,11.1,8.8,86,2,,60,11.2,,1010,,9
2022-05-07 00:00:00,11.1,8.8,86,1.3,,60,11.2,,1010,,9
2022-05-07 01:00:00,11.1,9.4,89,1,,40,18.4,,1008.9,,9
2022-05-07 02:00:00,11.1,8.8,86,2.3,,50,22.3,,1008,,9
2022-05-07 03:00:00,11.1,8.8,86,1.8,,50,22.3,,1008,,9
2022-05-07 04:00:00,11.7,8.9,83,1,,40,22.3,,1007.1,,9
2022-05-07 05:00:00,11.7,8.9,83,1.5,,50,29.5,,1007.1,,9
2022-05-07 06:00:00,11.7,8.9,83,2.3,,50,24.1,,1007.5,,8
2022-05-07 07:00:00,11.7,8.9,83,0.3,,60,25.9,,1007.7,,8
2022-05-07 08:00:00,11.7,8.9,83,0.8,,60,22.3,,1008.2,,8
2022-05-07 09:00:00,11.7,8.9,83,0.8,,60,22.3,,1008.2,,8
2022-05-07 10:00:00,11.1,8.3,83,,,40,33.5,,1008.9,,8
2022-05-07 11:00:00,10,7.8,86,2,,50,29.5,,1009.5,,8
2022-05-07 12:00:00,10,7.8,86,4.6,,50,29.5,,1009.5,,8
2022-05-07 13:00:00,10,7.8,86,5.8,,50,22.3,,1010.9,,8
2022-05-07 14:00:00,9.4,7.8,90,4.1,,40,24.1,,1011.1,,7
2022-05-07 15:00:00,10,7.2,83,2,,30,22.3,,1011.7,,7
2022-05-07 16:00:00,9.4,5.6,77,0.3,,30,22.3,,1011.9,,7
2022-05-07 17:00:00,9.4,5,74,,,30,27.7,,1012.5,,7
2022-05-07 18:00:00,9.4,4,69,0.5,,30,27.7,,1013.2,,7
2022-05-07 19:00:00,9.4,4,69,,,30,29.5,,1013.2,,7
2022-05-07 20:00:00,8.9,3.9,71,,,30,20.5,,1014.8,,7
2022-05-07 21:00:00,8.9,3.3,68,0.3,,30,20.5,,1015.6,,7
2022-05-07 22:00:00,8.9,2.9,66,0.3,,20,18.4,,1015.9,,7
2022-05-07 23:00:00,8.3,1.7,63,,,30,22.3,,1016.5,,7
2022-05-08 00:00:00,8.3,1.7,63,,,30,22.3,,1016.5,,8
2022-05-08 01:00:00,8.3,0.5,58,0.3,,40,24.1,,1016,,8
2022-05-08 02:00:00,8.3,0,56,,,30,18.4,,1015.7,,8
2022-05-08 03:00:00,8.9,-0.7,51,,,30,22.3,,1015.8,,7
2022-05-08 04:00:00,8.9,-0.7,51,,,30,22.3,,1015.8,,7
2022-05-08 05:00:00,7.8,1.6,65,,,30,24.1,,1016.5,,7
2022-05-08 06:00:00,7.8,2.3,68,,,20,25.9,,1017.3,,4
2022-05-08 07:00:00,8.9,2.2,63,,,20,25.9,,1017.6,,4
2022-05-08 08:00:00,10,1.6,56,,,30,31.7,,1018.4,,4
2022-05-08 09:00:00,10,1.6,56,,,40,31.7,,1018.4,,4
2022-05-08 10:00:00,12.2,-0.7,41,,,60,24.1,,1019.8,,4
2022-05-08 11:00:00,13.9,-0.6,37,0,,60,24.1,,1019.6,,4
2022-05-08 12:00:00,14.4,1,40,0,,50,22.3,,1019.3,,4
2022-05-08 13:00:00,15,1.1,39,0,,30,24.1,,1019.1,,4
2022-05-08 14:00:00,15,1.1,39,0,,30,24.1,,1019.1,,4
2022-05-08 15:00:00,15.6,-1.5,31,0,,50,25.9,,1018.9,,4
2022-05-08 16:00:00,16.1,-2.9,27,0,,50,24.1,,1018.7,,4
2022-05-08 17:00:00,15.6,-2.4,29,0,,50,18.4,,1019.2,,4
2022-05-08 18:00:00,15,-4.4,26,0,,50,24.1,,1019.7,,4
2022-05-08 19:00:00,15,-4.4,26,0,,50,24.1,,1019.7,,4
2022-05-08 20:00:00,14.4,-4.9,26,0,,60,22.3,,1020.8,,4
2022-05-08 21:00:00,13.3,-2.6,33,0,,50,14.8,,1021.4,,4
2022-05-08 22:00:00,13.3,-5.8,26,0,,40,22.3,,1021.7,,4
2022-05-08 23:00:00,12.2,-6.8,26,0,,40,22.3,,1021.7,,4
2022-05-09 00:00:00,12.2,-6.8,26,0,,30,31.7,,1021.7,,4
2022-05-09 01:00:00,10,-5.6,33,0,,30,24.1,,1021.2,,4
2022-05-09 02:00:00,9.4,-4.9,36,0,,20,22.3,,1021.2,,4
2022-05-09 03:00:00,9.4,-4.9,36,0,,30,24.1,,1021.3,,4
2022-05-09 04:00:00,9.4,-4.9,36,0,,30,24.1,,1021.3,,4
2022-05-09 05:00:00,7.8,-5.7,38,0,,20,20.5,,1021.9,,4
2022-05-09 06:00:00,8.9,-4.3,39,0,,20,24.1,,1022.5,,3
2022-05-09 07:00:00,11.7,-4.9,31,0,,30,25.9,,1023.1,,2
2022-05-09 08:00:00,12.8,-4.4,30,0,,40,24.1,,1023.6,,2
2022-05-09 09:00:00,12.8,-4.4,30,0,,40,24.1,,1023.6,,2
2022-05-09 10:00:00,16.7,-4.6,23,0,,20,24.1,,1023.7,,2
2022-05-09 11:00:00,18.3,-3.8,22,0,,20,22.3,,1023.3,,2
2022-05-09 12:00:00,20,-5.8,17,0,,20,22.3,,1022.8,,2
2022-05-09 13:00:00,20.6,-5.3,17,0,,30,24.1,,1022.5,,2
2022-05-09 14:00:00,20.6,-5.3,17,0,,30,24.1,,1022.5,,2
2022-05-09 15:00:00,21.7,-6.1,15,0,,60,16.6,,1022.1,,2
2022-05-09 16:00:00,22.2,-5.7,15,0,,50,22.3,,1022.4,,2
2022-05-09 17:00:00,21.7,-6.1,15,0,,50,22.3,,1022.8,,2
2022-05-09 18:00:00,20.6,-7,15,0,,50,25.9,,1023.7,,2
2022-05-09 19:00:00,20.6,-7,15,0,,50,25.9,,1023.7,,2
2022-05-09 20:00:00,18.3,-11.6,12,0,,40,22.3,,1025.2,,2
2022-05-09 21:00:00,17.2,-13.6,11,0,,40,27.7,,1025.7,,2
2022-05-09 22:00:00,16.1,-14.4,11,0,,40,29.5,,1025.9,,2
2022-05-09 23:00:00,14.4,-12.8,14,0,,40,38.9,,1026.4,,2
2022-05-10 00:00:00,14.4,-12.8,14,0,,20,31.7,,1026.4,,2
2022-05-10 01:00:00,12.2,-12.2,17,0,,30,29.5,,1025.8,,1
2022-05-10 02:00:00,11.1,-11.1,20,0,,20,24.1,,1025.6,,1
2022-05-10 03:00:00,10.6,-9.7,23,0,,10,24.1,,1025.6,,1
2022-05-10 04:00:00,10.6,-9.7,23,0,,10,24.1,,1025.6,,1
2022-05-10 05:00:00,10.6,-6.3,30,0,,10,22.3,,1026.5,,1
2022-05-10 06:00:00,12.2,-5.8,28,0,,360,25.9,,1027.4,,2
2022-05-10 07:00:00,13.9,-3.9,29,0,,20,24.1,,1027.9,,2
2022-05-10 08:00:00,16.1,-2.9,27,0,,20,25.9,,1028.1,,2
2022-05-10 09:00:00,16.1,-2.9,27,0,,20,25.9,,1028.1,,2
2022-05-10 10:00:00,19.4,-2.9,22,0,,30,24.1,,1027.9,,2
2022-05-10 11:00:00,21.1,-2.1,21,0,,20,25.9,,1027.5,,2
2022-05-10 12:00:00,22.2,-1.8,20,0,,20,25.9,,1026.6,,2
2022-05-10 13:00:00,22.2,-1.8,20,0,,30,29.5,,1026.6,,2
2022-05-10 14:00:00,22.8,-2,19,0,,60,9.4,,1025.6,,2
2022-05-10 15:00:00,23.3,-2.4,18,0,,50,20.5,,1025.4,,2
2022-05-10 16:00:00,22.8,-2.8,18,0,,70,14.8,,1025.4,,2
2022-05-10 17:00:00,20.6,0.9,27,0,,110,11.2,,1025.6,,2
2022-05-10 18:00:00,20.6,0.9,27,0,,110,11.2,,1025.6,,2
2022-05-10 19:00:00,20,-1.8,23,0,,80,13,,1026.2,,3
2022-05-10 20:00:00,18.9,-1,26,0,,60,13,,1026.7,,3
2022-05-10 21:00:00,18.3,-5.1,20,0,,70,14.8,,1027,,3
2022-05-10 22:00:00,17.2,-4.1,23,0,,50,16.6,,1026.8,,2
2022-05-10 23:00:00,17.2,-4.1,23,0,,50,16.6,,1026.8,,2
2022-05-11 00:00:00,15,-4.4,26,0,,30,16.6,,1026.6,,2
2022-05-11 01:00:00,12.8,-3.9,31,0,,20,18.4,,1025.9,,2
2022-05-11 02:00:00,13.3,-4.8,28,0,,30,20.5,,1025.4,,2
2022-05-11 03:00:00,12.8,-4.8,29,0,,30,20.5,,1025.2,,2
2022-05-11 04:00:00,12.8,-4.8,29,0,,20,24.1,,1025.2,,2
2022-05-11 05:00:00,12.8,-4.4,30,0,,20,24.1,,1024.8,,2
2022-05-11 06:00:00,13.9,-3.9,29,0,,20,24.1,,1025.1,,2
2022-05-11 07:00:00,14.4,-3,30,0,,20,27.7,,1025.3,,3
2022-05-11 08:00:00,16.1,-2.9,27,0,,30,25.9,,1025.2,,3
2022-05-11 09:00:00,16.1,-2.9,27,0,,30,25.9,,1025.2,,3
2022-05-11 10:00:00,18.3,3,36,0,,30,20.5,,1025.4,,4
2022-05-11 11:00:00,20,5.6,39,0,,50,20.5,,1025.3,,4
2022-05-11 12:00:00,20,6.7,42,0,,50,20.5,,1025.1,,3
2022-05-11 13:00:00,21.7,8.9,44,0,,50,16.6,,1024.4,,4
2022-05-11 14:00:00,21.7,8.9,44,0,,50,16.6,,1024.4,,4
2022-05-11 15:00:00,24.4,9.6,39,0,,30,13,,1023.4,,4
2022-05-11 16:00:00,25,8.9,36,0,,30,9.4,,1023.2,,4
2022-05-11 17:00:00,24.4,8.4,36,0,,110,9.4,,1023.2,,4
2022-05-11 18:00:00,24.4,8.4,36,0,,110,9.4,,1023.2,,4
2022-05-11 19:00:00,20.6,10.1,51,0,,160,5.4,,1023.3,,3
2022-05-11 20:00:00,17.2,9.4,60,0,,160,16.6,,1023.8,,3
2022-05-11 21:00:00,14.4,9.4,72,0,,180,9.4,,1024.8,,3
2022-05-11 22:00:00,14.4,9.4,72,0,,210,5.4,,1024.7,,3
2022-05-11 23:00:00,14.4,9.4,72,0,,210,5.4,,1024.7,,3
2022-05-12 00:00:00,15,10,72,0,,0,0,,1024.4,,2
2022-05-12 01:00:00,14.4,10,75,0,,0,0,,1024,,3
2022-05-12 02:00:00,14.4,10,75,0,,0,0,,1024,,3
2022-05-12 03:00:00,15,10.6,75,0,,30,5.4,,1023.9,,3
2022-05-12 04:00:00,15,10.6,75,0,,30,5.4,,1023.9,,3
2022-05-12 05:00:00,16.1,11.7,75,0,,10,14.8,,1024.2,,3
2022-05-12 06:00:00,17.2,11,67,0,,30,11.2,,1024.9,,4
2022-05-12 07:00:00,18.3,11.1,63,0,,40,16.6,,1025.1,,4
2022-05-12 08:00:00,18.9,12.2,65,0,,60,11.2,,1026,,4
2022-05-12 09:00:00,18.9,12.2,65,0,,60,11.2,,1026,,4
2022-05-12 10:00:00,20,13.9,68,0,,30,14.8,,1026.6,,4
2022-05-12 11:00:00,20.6,14,66,0,,50,14.8,,1026.5,,4
2022-05-12 12:00:00,21.7,14.4,63,0,,50,9.4,,1026.5,,4
2022-05-12 13:00:00,22.8,14.9,61,0,,120,7.6,,1025.9,,3
2022-05-12 14:00:00,23.9,14.3,55,0,,30,7.6,,1026.1,,3
2022-05-12 15:00:00,24.4,14.5,54,0,,90,11.2,,1025.5,,3
2022-05-12 16:00:00,22.2,13.8,59,0,,160,16.6,,1025.6,,3
2022-05-12 17:00:00,21.1,14,64,0,,170,9.4,,1025.6,,3
2022-05-12 18:00:00,21.1,14,64,0,,170,9.4,,1025.6,,3
2022-05-12 19:00:00,16.7,14,84,0,,0,0,,1025.8,,3
2022-05-12 20:00:00,16.7,14.3,86,0,,170,5.4,,1025.7,,3
2022-05-12 21:00:00,16.7,14.3,86,0,,170,5.4,,1025.7,,4
2022-05-12 22:00:00,16.1,14.5,90,0,,0,0,,1025.8,,4
2022-05-12 23:00:00,16.7,15.6,93,,,120,7.6,,1025.3,,5
2022-05-13 00:00:00,15.6,14.5,93,,,0,0,,1025.3,,5
2022-05-13 01:00:00,16.1,15,93,0,,0,0,,1025.1,,5
2022-05-13 02:00:00,16.1,15,93,0,,0,0,,1025.1,,5
2022-05-13 03:00:00,16.1,15.6,97,0,,0,0,,1025,,5
2022-05-13 04:00:00,16.7,15.6,93,0,,30,16.6,,1024.4,,5
2022-05-13 05:00:00,16.1,14.5,90,0,,20,14.8,,1024.7,,4
2022-05-13 06:00:00,16.7,15.1,90,0,,10,11.2,,1025.3,,4
2022-05-13 07:00:00,16.7,14.3,86,0,,30,13,,1025.8,,4
2022-05-13 08:00:00,16.7,14.3,86,0,,30,13,,1025.8,,4
2022-05-13 09:00:00,17.8,15.6,87,,,20,11.2,,1026.2,,4
2022-05-13 10:00:00,18.3,16.6,90,,,40,11.2,,1026.3,,5
2022-05-13 11:00:00,20,16.6,81,0.3,,40,13,,1025.6,,4
2022-05-13 12:00:00,20,16.6,81,,,40,13,,1025.6,,4
2022-05-13 13:00:00,22.2,16.7,71,0,,30,13,,1024.9,,4
2022-05-13 14:00:00,23.3,16.1,64,0,,100,11.2,,1023.5,,4
2022-05-13 15:00:00,23.3,16.1,64,0,,100,11.2,,1023.5,,4
2022-05-13 16:00:00,21.1,17.9,82,,,160,9.4,,1022.7,,4
2022-05-13 17:00:00,21.1,17.9,82,,,170,9.4,,1022.7,,4
2022-05-13 18:00:00,18.9,16.7,87,0.3,,170,7.6,,1022.3,,5
2022-05-13 19:00:00,17.2,16.1,93,,,160,7.6,,1021.8,,5
2022-05-13 20:00:00,15.6,14.5,93,,,170,7.6,,1022.2,,4
2022-05-13 21:00:00,15.6,14.5,93,,,170,7.6,,1022.2,,5
2022-05-13 22:00:00,15.6,14.5,93,,,0,0,,1022.8,,5
2022-05-13 23:00:00,15.6,14.5,93,0,,150,5.4,,1022.2,,5
2022-05-14 00:00:00,16.1,15,93,0,,0,0,,1021.5,,5
2022-05-14 01:00:00,15.6,15,96,0,,0,0,,1021.1,,5
2022-05-14 02:00:00,15.6,15,96,0,,0,0,,1021.1,,5
2022-05-14 03:00:00,16.1,15,93,0,,20,5.4,,1020.7,,5
2022-05-14 04:00:00,17.2,16.1,93,,,150,7.6,,1020.2,,5
2022-05-14 05:00:00,17.2,16.1,93,0,,0,0,,1020,,5
2022-05-14 06:00:00,17.2,15.5,90,0,,0,0,,1020.6,,5
2022-05-14 07:00:00,17.2,16.1,93,0,,0,0,,1020.3,,5
2022-05-14 08:00:00,17.2,16.1,93,0,,0,0,,1020.3,,5
2022-05-14 09:00:00,17.8,17.2,96,0,,120,5.4,,1020.3,,5
2022-05-14 10:00:00,20.6,17.2,81,0,,0,0,,1019.3,,4
2022-05-14 11:00:00,21.7,17.3,76,0,,0,7.6,,1018.8,,4
2022-05-14 12:00:00,20.6,17.8,84,0,,180,9.4,,1018.2,,4
2022-05-14 13:00:00,20.6,17.8,84,0,,180,9.4,,1018.2,,4
2022-05-14 14:00:00,20.6,17.2,81,0,,160,5.4,,1017.4,,4
2022-05-14 15:00:00,18.9,16.7,87,0,,120,11.2,,1016.7,,4
2022-05-14 16:00:00,18.9,17.2,90,0.3,,120,5.4,,1015.7,,4
2022-05-14 17:00:00,18.9,17.2,90,1.8,,140,5.4,,1015.7,,4
2022-05-14 18:00:00,18.9,17.2,90,0.8,,110,5.4,,1015.5,,4
2022-05-14 19:00:00,17.2,16.1,93,0.3,,130,9.4,,1014.7,,7
2022-05-14 20:00:00,17.2,16.1,93,0,,130,9.4,,1014.7,,4
2022-05-14 21:00:00,16.7,15.6,93,,,130,7.6,,1014.4,,4
2022-05-14 22:00:00,16.7,15.6,93,,,130,7.6,,1015,,5
2022-05-14 23:00:00,16.7,15.6,93,,,0,0,,1014.3,,5
2022-05-15 00:00:00,16.7,15.6,93,,,90,5.4,,1014,,8
2022-05-15 01:00:00,15.6,14.5,93,0.5,,90,5.4,,1013.6,,5
2022-05-15 02:00:00,16.1,15,93,0.3,,0,0,,1013.1,,7
2022-05-15 03:00:00,16.1,15,93,4.8,,0,0,,1013.1,,5
2022-05-15 04:00:00,16.7,15.6,93,0.3,,0,0,,1012.3,,5
2022-05-15 05:00:00,16.7,16.1,96,0,,0,0,,1012.2,,5
2022-05-15 06:00:00,16.7,16.1,96,,,0,0,,1012.2,,5
2022-05-15 07:00:00,17.2,16.7,97,0,,160,5.4,,1013,,5
2022-05-15 08:00:00,17.2,16.7,97,,,160,5.4,,1013,,5
2022-05-15 09:00:00,19.4,17.9,91,,,250,9.4,,1012.7,,5
2022-05-15 10:00:00,19.4,17.9,91,,,250,9.4,,1012.7,,4
2022-05-15 11:00:00,21.1,17.9,82,0,,230,11.2,,1012.7,,3
2022-05-15 12:00:00,24.4,17.9,67,0,,230,16.6,,1011.6,,3
2022-05-15 13:00:00,24.4,17.9,67,0,,230,16.6,,1011.6,,3
2022-05-15 14:00:00,26.1,17.2,58,0,,210,11.2,,1010,,3
2022-05-15 15:00:00,24.4,17.2,64,0,,140,18.4,,1009.2,,3
2022-05-15 16:00:00,25,17.2,62,0,,140,16.6,,1008.6,,3
2022-05-15 17:00:00,25,17.2,62,0,,140,16.6,,1008.6,,3
2022-05-15 18:00:00,24.4,16.6,62,0,,150,13,,1008.1,,3
2022-05-15 19:00:00,23.9,16.7,64,0,,160,9.4,,1008.4,,3
2022-05-15 20:00:00,22.8,16.1,66,0,,50,5.4,,1009.2,,3
2022-05-15 21:00:00,22.8,16.1,66,0,,50,5.4,,1009.2,,3
2022-05-15 22:00:00,20.6,15.6,73,0,,100,5.4,,1009.4,,4
2022-05-15 23:00:00,20.6,15.6,73,0,,0,0,,1009.3,,4
2022-05-16 00:00:00,20.6,16.6,78,0,,200,11.2,,1008.8,,3
2022-05-16 01:00:00,21.1,17.9,82,0,,210,13,,1008.4,,3
2022-05-16 02:00:00,20.6,17.8,84,0,,170,9.4,,1007.5,,3
2022-05-16 03:00:00,20.6,17.8,84,0,,170,9.4,,1007.5,,3
2022-05-16 04:00:00,19.4,17.9,91,0,,0,0,,1007.4,,3
2022-05-16 05:00:00,20.6,17.8,84,0,,160,5.4,,1007,,3
2022-05-16 06:00:00,20.6,17.8,84,0,,130,7.6,,1006.7,,3
2022-05-16 07:00:00,20.6,17.8,84,0,,130,7.6,,1006.7,,3
2022-05-16 08:00:00,22.2,18.4,79,0,,190,7.6,,1006.5,,3
2022-05-16 09:00:00,23.3,18.4,74,0,,180,7.6,,1006.2,,3
2022-05-16 10:00:00,23.3,18.4,74,0,,180,7.6,,1006.2,,7
2022-05-16 11:00:00,24.4,17.9,67,0,,170,11.2,,1005.4,,7
2022-05-16 12:00:00,24.4,17.9,67,0,,120,11.2,,1005.4,,8
2022-05-16 13:00:00,23.3,18.4,74,0.5,,120,13,,1004.5,,8
2022-05-16 14:00:00,24.4,17.2,64,2,,130,13,,1001.8,,9
2022-05-16 15:00:00,23.3,16.1,64,0,,100,13,,1000.1,,9
2022-05-16 16:00:00,27.8,16.7,51,0,,100,13,,1000.1,,8
2022-05-16 17:00:00,27.8,16.7,51,0,,250,29.5,,1000.1,,8
2022-05-16 18:00:00,22.8,14.9,61,0,,250,20.5,,1000.7,,8
2022-05-16 19:00:00,22.8,14.9,61,0.3,,250,20.5,,1000.7,,8
2022-05-16 20:00:00,20,16,78,,,240,16.6,,1001.9,,8
2022-05-16 21:00:00,20,16,78,,,240,22.3,,1003.1,,7
2022-05-16 22:00:00,20,16,78,0,,240,22.3,,1003.1,,3
2022-05-16 23:00:00,18.3,10.6,61,0,,290,24.1,,1005.6,,3
2022-05-17 00:00:00,17.2,8.9,58,0,,290,24.1,,1006.5,,2
2022-05-17 01:00:00,16.1,8.3,60,0,,280,14.8,,1006.8,,2
2022-05-17 02:00:00,16.1,8.3,60,0,,280,14.8,,1006.8,,2
2022-05-17 03:00:00,15,8.9,67,0,,270,16.6,,1007.1,,2
2022-05-17 04:00:00,14.4,9,70,0,,260,11.2,,1007.4,,2
2022-05-17 05:00:00,14.4,9.4,72,0,,250,11.2,,1007.7,,2
2022-05-17 06:00:00,15.6,9.9,69,0,,200,16.6,,1008.2,,2
2022-05-17 07:00:00,15.6,9.9,69,0,,200,16.6,,1008.2,,2
2022-05-17 08:00:00,19.4,9.3,52,0,,240,22.3,,1008.7,,2
2022-05-17 09:00:00,20.6,10.1,51,0,,230,20.5,,1008.3,,2
2022-05-17 10:00:00,22.2,9,43,0,,260,29.5,,1007.9,,2
2022-05-17 11:00:00,25,6.7,31,0,,260,29.5,,1007.1,,2
2022-05-17 12:00:00,25,6.7,31,0,,260,38.9,,1007.1,,2
2022-05-17 13:00:00,25,5.2,28,0,,260,37.1,,1006.2,,2
2022-05-17 14:00:00,27.2,3.6,22,0,,270,35.3,,1005.7,,2
2022-05-17 15:00:00,26.7,4.5,24,0,,260,48.2,,1005.9,,2
2022-05-17 16:00:00,26.7,4.5,24,0,,260,44.6,,1006.1,,2
2022-05-17 17:00:00,26.7,4.5,24,0,,300,33.5,,1006.1,,2
2022-05-17 18:00:00,25.6,3.5,24,0,,310,24.1,,1007.1,,2
2022-05-17 19:00:00,23.3,2.7,26,0,,310,24.1,,1008.5,,2
2022-05-17 20:00:00,21.7,2.9,29,0,,330,27.7,,1010.1,,2
2022-05-17 21:00:00,20,3.2,33,0,,320,27.7,,1011.5,,2
2022-05-17 22:00:00,20,3.2,33,0,,330,27.7,,1011.5,,2
2022-05-17 23:00:00,17.2,3.5,40,0,,320,22.3,,1012.6,,2
2022-05-18 00:00:00,16.7,3.4,41,0,,320,22.3,,1013.1,,2
2022-05-18 01:00:00,16.1,3.8,44,0,,310,18.4,,1012.9,,2
2022-05-18 02:00:00,16.1,3.8,44,0,,310,18.4,,1012.9,,2
2022-05-18 03:00:00,15,4.9,51,0,,310,16.6,,1013.7,,1
2022-05-18 04:00:00,14.4,4.9,53,0,,290,14.8,,1014.2,,1
2022-05-18 05:00:00,13.9,5,55,0,,310,20.5,,1014.5,,1
2022-05-18 06:00:00,15,5.5,53,0,,310,20.5,,1014.9,,2
2022-05-18 07:00:00,15,5.5,53,0,,290,20.5,,1014.9,,2
2022-05-18 08:00:00,17.2,4.5,43,0,,300,20.5,,1016.3,,3
2022-05-18 09:00:00,18.3,4.1,39,0,,300,20.5,,1016.1,,3
2022-05-18 10:00:00,18.9,3.5,36,0,,310,20.5,,1015.8,,3
2022-05-18 11:00:00,20.6,3.3,32,0,,310,16.6,,1015.3,,3
2022-05-18 12:00:00,20.6,3.3,32,0,,310,16.6,,1015.3,,3
2022-05-18 13:00:00,22.2,2.8,28,0,,300,20.5,,1014,,3
2022-05-18 14:00:00,22.8,2.3,26,0,,0,0,,1013.6,,3
2022-05-18 15:00:00,23.3,3.8,28,0,,0,7.6,,1012.9,,3
2022-05-18 16:00:00,23.3,3.8,28,0,,230,7.6,,1012.9,,3
2022-05-18 17:00:00,22.8,3.3,28,0,,220,14.8,,1012.2,,3
2022-05-18 18:00:00,22.8,2.3,26,0,,280,18.4,,1011.7,,3
2022-05-18 19:00:00,22.2,3.3,29,0,,230,13,,1011.2,,3
2022-05-18 20:00:00,22.2,3.3,29,0,,230,13,,1011.2,,4
2022-05-18 21:00:00,21.1,4.6,34,0,,210,14.8,,1010.7,,4
2022-05-18 22:00:00,19.4,6.8,44,0,,200,13,,1011.2,,4
2022-05-18 23:00:00,20,6,40,0,,250,14.8,,1012.1,,7
2022-05-19 00:00:00,18.3,8.8,54,,,320,7.6,,1011.7,,7
2022-05-19 01:00:00,17.2,10.1,63,,,0,0,,1011.7,,8
2022-05-19 02:00:00,17.2,10.1,63,0.8,,0,0,,1011.7,,9
2022-05-19 03:00:00,14.4,12.3,87,2.3,,180,11.2,,1010.4,,9
2022-05-19 04:00:00,13.9,12.8,93,2.3,,170,11.2,,1009.9,,9
2022-05-19 05:00:00,13.9,12.8,93,6.9,,170,11.2,,1009.9,,9
2022-05-19 06:00:00,13.3,11.7,90,5.8,,120,7.6,,1009.2,,9
2022-05-19 07:00:00,13.3,11.7,90,4.6,,120,7.6,,1009.2,,9
2022-05-19 08:00:00,13.9,11.8,87,,,80,9.4,,1008.4,,9
2022-05-19 09:00:00,13.9,11.8,87,0.3,,80,9.4,,1008.4,,8
2022-05-19 10:00:00,14.4,11.7,84,0.3,,70,11.2,,1007.6,,7
2022-05-19 11:00:00,15.6,11.8,78,0,,70,5.4,,1007.6,,7
2022-05-19 12:00:00,16.1,12.3,78,0,,0,0,,1007.1,,4
2022-05-19 13:00:00,16.1,12.3,78,0,,0,0,,1007.1,,4
2022-05-19 14:00:00,16.1,12.3,78,0,,200,5.4,,1006.5,,4
2022-05-19 15:00:00,17.8,12.9,73,0,,240,14.8,,1006.4,,3
2022-05-19 16:00:00,17.8,12.9,73,0,,240,14.8,,1006.4,,3
2022-05-19 17:00:00,20.6,14.5,68,0,,210,7.6,,1005.5,,3
2022-05-19 18:00:00,20.6,14.5,68,0,,190,11.2,,1005.7,,3
2022-05-19 19:00:00,18.9,13.3,70,0,,140,11.2,,1006.1,,3
2022-05-19 20:00:00,18.9,13.3,70,0,,140,11.2,,1006.1,,2
2022-05-19 21:00:00,16.1,12.3,78,0,,130,11.2,,1008.9,,2
2022-05-19 22:00:00,15.6,12.2,80,0,,0,0,,1009.9,,2
2022-05-19 23:00:00,15.6,12.2,80,0,,0,0,,1009.9,,2
2022-05-20 00:00:00,14.4,12.3,87,0,,90,7.6,,1010.3,,2
2022-05-20 01:00:00,14.4,12.3,87,0,,0,0,,1011.1,,2
2022-05-20 02:00:00,14.4,12.3,87,0,,0,0,,1011,,2
2022-05-20 03:00:00,14.4,12.3,87,0,,0,0,,1011,,2
2022-05-20 04:00:00,13.9,11.8,87,0,,50,7.6,,1010.8,,5
2022-05-20 05:00:00,14.4,12.3,87,0,,100,7.6,,1011.6,,5
2022-05-20 06:00:00,14.4,13.3,93,0,,80,7.6,,1013.7,,5
2022-05-20 07:00:00,15,13.4,90,0,,70,7.6,,1014.1,,5
2022-05-20 08:00:00,15.6,14,90,0,,150,5.4,,1014.8,,5
2022-05-20 09:00:00,15.6,14,90,0,,150,5.4,,1014.8,,5
2022-05-20 10:00:00,20.6,14,66,0,,90,13,,1014.3,,3
2022-05-20 11:00:00,20.6,14.5,68,0,,90,9.4,,1014.6,,3
2022-05-20 12:00:00,19.4,14,71,0,,130,13,,1014.9,,3
2022-05-20 13:00:00,19.4,14,71,0,,100,16.6,,1014.5,,3
2022-05-20 14:00:00,19.4,14,71,0,,100,16.6,,1014.5,,3
2022-05-20 15:00:00,19.4,15.1,76,0,,110,18.4,,1013.7,,3
2022-05-20 16:00:00,19.4,15.1,76,,,110,18.4,,1014,,3
2022-05-20 17:00:00,18.3,15.5,84,,,150,7.6,,1013,,3
2022-05-20 18:00:00,19.4,17.2,87,7.6,,40,11.2,,1013.3,,7
2022-05-20 19:00:00,18.9,16.7,87,0.3,,100,5.4,,1012.8,,7
2022-05-20 20:00:00,18.9,17.2,90,,,70,7.6,,1013.5,,7
2022-05-20 21:00:00,18.9,17.2,90,0,,70,7.6,,1013.5,,7
2022-05-20 22:00:00,18.9,17.2,90,,,70,9.4,,1013.8,,7
2022-05-20 23:00:00,18.3,17.1,93,,,80,7.6,,1013.6,,5
2022-05-21 00:00:00,18.3,17.1,93,,,80,7.6,,1013.6,,5
2022-05-21 01:00:00,17.8,17.2,96,0,,90,7.6,,1013.3,,5
2022-05-21 02:00:00,17.8,16.7,93,0,,60,5.4,,1013.6,,5
2022-05-21 03:00:00,17.8,16.7,93,0,,20,11.2,,1013.8,,5
2022-05-21 04:00:00,17.8,17.2,96,0,,0,0,,1013.9,,5
2022-05-21 05:00:00,17.8,17.2,96,0,,0,0,,1013.9,,5
2022-05-21 06:00:00,18.3,17.1,93,0,,260,9.4,,1015.1,,5
2022-05-21 07:00:00,18.3,17.1,93,0,,260,9.4,,1015.1,,5
2022-05-21 08:00:00,18.9,17.7,93,0,,270,11.2,,1015.9,,5
2022-05-21 09:00:00,20.6,18.4,87,0,,260,11.2,,1016.9,,5
2022-05-21 10:00:00,27.8,20.6,65,0,,170,9.4,,1016.6,,3
2022-05-21 11:00:00,31.1,20.7,54,0,,280,5.4,,1016.2,,3
2022-05-21 12:00:00,33.3,20.1,46,0,,290,7.6,,1015.4,,2
2022-05-21 13:00:00,33.3,20.1,46,0,,190,16.6,,1015.3,,2
2022-05-21 14:00:00,33.3,20.1,46,0,,190,16.6,,1015.3,,2
2022-05-21 15:00:00,34.4,18.9,40,0,,220,20.5,,1015,,2
2022-05-21 16:00:00,35,17.7,36,0,,210,24.1,,1015,,2
2022-05-21 17:00:00,35,17.7,36,0,,240,20.5,,1015,,2
2022-05-21 18:00:00,33.9,18,39,0,,260,18.4,,1014.8,,2
2022-05-21 19:00:00,33.9,18,39,0,,260,18.4,,1014.8,,2
2022-05-21 20:00:00,29.4,18.8,53,0,,190,7.6,,1014.6,,3
2022-05-21 21:00:00,29.4,18.8,53,0,,180,11.2,,1015.6,,3
2022-05-21 22:00:00,28.3,19.5,59,0,,200,16.6,,1016.4,,3
2022-05-21 23:00:00,28.3,19.5,59,0,,200,16.6,,1016.4,,2
2022-05-22 00:00:00,27.2,19,61,0,,190,7.6,,1016.6,,2
2022-05-22 01:00:00,26.1,19,65,0,,200,9.4,,1016.3,,2
2022-05-22 02:00:00,25.6,19,67,0,,210,14.8,,1015.8,,2
2022-05-22 03:00:00,25.6,19.5,69,0,,190,9.4,,1015.1,,2
2022-05-22 04:00:00,25.6,19.5,69,0,,190,9.4,,1015.1,,2
2022-05-22 05:00:00,24.4,20.1,77,0,,0,0,,1015.5,,2
2022-05-22 06:00:00,25,20.7,77,0,,200,9.4,,1016.1,,2
2022-05-22 07:00:00,26.1,20.7,72,0,,230,18.4,,1016.4,,2
2022-05-22 08:00:00,28.9,21.2,63,0,,230,18.4,,1016.4,,2
2022-05-22 09:00:00,28.9,21.2,63,0,,230,25.9,,1016.4,,3
2022-05-22 10:00:00,30,18.4,50,0,,330,14.8,,1015.9,,2
2022-05-22 11:00:00,30,17.8,48,0,,250,16.6,,1016.2,,2
2022-05-22 12:00:00,31.7,20,50,0,,220,14.8,,1015.6,,2
2022-05-22 13:00:00,31.7,20,50,0,,220,14.8,,1015.6,,3
2022-05-22 14:00:00,33.9,16.7,36,0,,250,16.6,,1013.8,,3
2022-05-22 15:00:00,34.4,16.7,35,0,,250,16.6,,1013.1,,3
2022-05-22 16:00:00,32.8,19.3,45,0,,210,14.8,,1012.8,,3
2022-05-22 17:00:00,33.3,18.3,41,0,,210,14.8,,1012.6,,3
2022-05-22 18:00:00,33.3,18.3,41,0,,240,27.7,,1012.6,,3
2022-05-22 19:00:00,31.7,18.3,45,0,,240,24.1,,1013.3,,3
2022-05-22 20:00:00,29.4,19.4,55,0,,250,11.2,,1014.2,,3
2022-05-22 21:00:00,28.3,17.8,53,0,,250,11.2,,1015.8,,3
2022-05-22 22:00:00,25.6,17.3,60,0,,320,29.5,,1016.8,,3
2022-05-22 23:00:00,25.6,17.3,60,0,,350,31.7,,1016.8,,3
2022-05-23 00:00:00,23.3,15.6,62,0,,330,14.8,,1017.8,,3
2022-05-23 01:00:00,21.7,13.9,61,0,,310,25.9,,1017.9,,3
2022-05-23 02:00:00,20,11.7,59,0,,340,22.3,,1018.2,,3
2022-05-23 03:00:00,18.9,9.9,56,0,,340,22.3,,1018.4,,3
2022-05-23 04:00:00,18.3,8.8,54,0,,330,25.9,,1019.3,,3
2022-05-23 05:00:00,18.3,8.8,54,0,,340,29.5,,1019.3,,3
2022-05-23 06:00:00,17.2,8.3,56,0,,340,24.1,,1021.3,,3
2022-05-23 07:00:00,17.8,8.4,54,0,,350,18.4,,1021.9,,3
2022-05-23 08:00:00,17.8,8.4,54,0,,350,18.4,,1021.9,,3
2022-05-23 09:00:00,20.6,8.3,45,0,,350,16.6,,1022.7,,4
2022-05-23 10:00:00,21.7,7.9,41,0,,10,20.5,,1022.7,,3
2022-05-23 11:00:00,22.2,8.3,41,0,,10,13,,1022.6,,3
2022-05-23 12:00:00,23.3,7.4,36,0,,10,11.2,,1022.2,,3
2022-05-23 13:00:00,23.3,7.4,36,0,,40,11.2,,1022.2,,3
2022-05-23 14:00:00,23.9,6.2,32,0,,30,14.8,,1021.3,,3
2022-05-23 15:00:00,25.6,5.2,27,0,,340,20.5,,1021,,3
2022-05-23 16:00:00,24.4,5.2,29,0,,20,14.8,,1020.9,,4
2022-05-23 17:00:00,23.3,5.7,32,0,,20,9.4,,1021.2,,4
2022-05-23 18:00:00,23.3,5.7,32,0,,20,9.4,,1021.2,,4
2022-05-23 19:00:00,22.2,6,35,0,,30,18.4,,1021.7,,4
2022-05-23 20:00:00,21.7,6.8,38,0,,20,16.6,,1021.8,,4
2022-05-23 21:00:00,21.1,6.6,39,0,,20,16.6,,1022.5,,4
2022-05-23 22:00:00,20,5.6,39,0,,30,18.4,,1023.2,,4
2022-05-23 23:00:00,20,5.6,39,0,,30,18.4,,1023.2,,4
2022-05-24 00:00:00,19.4,9,51,0,,0,0,,1023.2,,4
2022-05-24 01:00:00,19.4,10.7,57,0,,90,9.4,,1023.2,,4
2022-05-24 02:00:00,18.3,10.6,61,0,,120,13,,1023.4,,4
2022-05-24 03:00:00,17.2,11,67,0,,130,13,,1023.4,,4
2022-05-24 04:00:00,17.2,11,67,0,,130,13,,1023.4,,4
2022-05-24 05:00:00,17.2,9.4,60,0,,90,11.2,,1024.1,,4
2022-05-24 06:00:00,17.8,7.8,52,0,,90,7.6,,1024.8,,4
2022-05-24 07:00:00,18.3,8.8,54,0,,50,11.2,,1025.3,,4
2022-05-24 08:00:00,18.3,8.8,54,0,,50,11.2,,1025.3,,4
2022-05-24 09:00:00,18.3,9.4,56,0,,60,13,,1025.7,,4
2022-05-24 10:00:00,18.3,8.8,54,0,,60,14.8,,1026.1,,4
2022-05-24 11:00:00,18.9,8.8,52,0,,50,13,,1026.4,,4
2022-05-24 12:00:00,20,6.7,42,0,,140,16.6,,1026.1,,4
2022-05-24 13:00:00,20,6.7,42,0,,140,16.6,,1026.1,,3
2022-05-24 14:00:00,18.3,8.8,54,0,,160,13,,1026,,4
2022-05-24 15:00:00,18.3,6.8,47,0,,150,13,,1025.8,,4
2022-05-24 16:00:00,19.4,5.5,40,0,,150,7.6,,1025.5,,3
2022-05-24 17:00:00,18.3,6.2,45,0,,170,13,,1025.4,,3
2022-05-24 18:00:00,18.3,6.2,45,0,,170,13,,1025.4,,3
2022-05-24 19:00:00,16.7,8.4,58,0,,150,18.4,,1026,,3
2022-05-24 20:00:00,16.1,8.8,62,0,,140,13,,1026.6,,3
2022-05-24 21:00:00,16.1,8.3,60,0,,120,11.2,,1027,,3
2022-05-24 22:00:00,16.1,8.3,60,0,,120,11.2,,1027,,3
2022-05-24 23:00:00,16.1,8.3,60,0,,100,7.6,,1027,,3
2022-05-25 00:00:00,15.6,8.3,62,0,,120,7.6,,1026.9,,3
2022-05-25 01:00:00,15.6,8.3,62,0,,90,5.4,,1026.8,,3
2022-05-25 02:00:00,15,7.8,62,0,,70,5.4,,1027.1,,3
2022-05-25 03:00:00,15,7.8,62,0,,70,5.4,,1027.1,,3
2022-05-25 04:00:00,15,7.8,62,0,,60,5.4,,1027.3,,3
2022-05-25 05:00:00,13.9,8.3,69,0,,20,5.4,,1027.5,,3
2022-05-25 06:00:00,15.6,8.3,62,0,,70,7.6,,1028.3,,3
2022-05-25 07:00:00,16.7,7.3,54,0,,30,9.4,,1029.1,,3
2022-05-25 08:00:00,16.7,7.3,54,0,,30,9.4,,1029.1,,3
2022-05-25 09:00:00,18.3,7.1,48,0,,110,9.4,,1029.4,,3
2022-05-25 10:00:00,20,6.7,42,0,,70,9.4,,1029.3,,3
2022-05-25 11:00:00,21.1,7.3,41,0,,70,11.2,,1029.2,,3
2022-05-25 12:00:00,21.1,7.3,41,0,,160,11.2,,1029.2,,3
2022-05-25 13:00:00,20.6,7.2,42,0,,160,18.4,,1028.6,,3
2022-05-25 14:00:00,20,6,40,0,,150,18.4,,1028.2,,3
2022-05-25 15:00:00,19.4,7.8,47,0,,160,16.6,,1028.1,,3
2022-05-25 16:00:00,18.9,8,49,0,,140,16.6,,1027.8,,3
2022-05-25 17:00:00,17.8,7.2,50,0,,160,14.8,,1027.7,,3
2022-05-25 18:00:00,17.8,7.2,50,0,,160,14.8,,1027.7,,3
2022-05-25 19:00:00,16.1,6.8,54,0,,160,13,,1028.3,,3
2022-05-25 20:00:00,15.6,6.6,55,0,,160,11.2,,1028.3,,3
2022-05-25 21:00:00,15.6,4,46,0,,160,5.4,,1028.5,,3
2022-05-25 22:00:00,15.6,4,46,0,,170,5.4,,1028.5,,3
2022-05-25 23:00:00,15,4.9,51,0,,160,7.6,,1028.1,,3
2022-05-26 00:00:00,15,6,55,0,,130,5.4,,1027.9,,3
2022-05-26 01:00:00,15,7.3,60,0,,100,11.2,,1027.1,,3
2022-05-26 02:00:00,15,7.3,60,0,,0,0,,1026.7,,4
2022-05-26 03:00:00,15,7.3,60,0,,0,0,,1026.7,,3
2022-05-26 04:00:00,14.4,9,70,0,,0,0,,1026.6,,3
2022-05-26 05:00:00,15,10,72,0,,130,9.4,,1026.5,,3
2022-05-26 06:00:00,15.6,10.6,72,0,,130,9.4,,1026.8,,4
2022-05-26 07:00:00,16.7,11.2,70,0,,130,9.4,,1027.1,,4
2022-05-26 08:00:00,16.7,11.2,70,0,,117,9.4,,1027.1,,4
2022-05-26 09:00:00,18.3,11.6,65,0,,130,14.8,,1026.4,,4
2022-05-26 10:00:00,18.9,11.7,63,0,,170,13,,1026.1,,4
2022-05-26 11:00:00,20.6,11.8,57,0,,110,16.6,,1025.5,,4
2022-05-26 12:00:00,21.1,11.7,55,0,,150,14.8,,1024.9,,4
2022-05-26 13:00:00,21.1,11.7,55,0,,150,14.8,,1024.9,,4
2022-05-26 14:00:00,20.6,13.3,63,0,,120,16.6,,1023.2,,4
2022-05-26 15:00:00,20.6,13.3,63,0,,130,18.4,,1022.3,,4
2022-05-26 16:00:00,20.6,14,66,0,,130,20.5,,1021.6,,4
2022-05-26 17:00:00,20.6,14,66,0,,130,20.5,,1021.6,,4
2022-05-26 18:00:00,20.6,14.5,68,0,,150,14.8,,1020.5,,4
2022-05-26 19:00:00,20.6,14.5,68,0,,150,14.8,,1020.4,,4
2022-05-26 20:00:00,20,14.4,70,0,,150,13,,1020.2,,4
2022-05-26 21:00:00,20.6,14.5,68,0,,150,11.2,,1020.2,,4
2022-05-26 22:00:00,20.6,14.5,68,0,,150,11.2,,1020,,4
2022-05-26 23:00:00,20,15,73,0,,150,7.6,,1018.9,,4
2022-05-27 00:00:00,20,15,73,0,,150,7.6,,1018.9,,4
2022-05-27 01:00:00,19.4,16.6,84,0,,140,9.4,,1017.3,,4
2022-05-27 02:00:00,19.4,16.6,84,0,,140,9.4,,1017.3,,5
2022-05-27 03:00:00,19.4,17.2,87,0,,160,7.6,,1016.7,,4
2022-05-27 04:00:00,20,17.8,87,0,,160,7.6,,1015.4,,5
2022-05-27 05:00:00,20,17.8,87,0,,160,7.6,,1015.4,,5
2022-05-27 06:00:00,20.6,18.4,87,0,,170,9.4,,1015,,5
2022-05-27 07:00:00,20.6,18.4,87,0,,170,9.4,,1015,,4
2022-05-27 08:00:00,22.2,18.4,79,0,,180,14.8,,1014.6,,4
2022-05-27 09:00:00,23.3,18.4,74,0,,170,13,,1014,,7
2022-05-27 10:00:00,25,18.2,66,0,,160,13,,1013.4,,7
2022-05-27 11:00:00,26.1,18.3,62,0,,150,16.6,,1012.9,,7
2022-05-27 12:00:00,26.1,18.3,62,0,,150,16.6,,1012.9,,7
2022-05-27 13:00:00,28.3,19,57,0,,180,24.1,,1011.2,,7
2022-05-27 14:00:00,26.7,19.3,64,0,,180,24.1,,1010.8,,7
2022-05-27 15:00:00,27.8,18.8,58,0,,190,22.3,,1010.1,,8
2022-05-27 16:00:00,27.8,18.8,58,0.1,,190,22.3,,1010.1,,8
2022-05-27 17:00:00,24.4,20.1,77,1.7,,150,18.4,,1011,,8
2022-05-27 18:00:00,21.7,18.9,84,8.6,,170,14.8,,1008.4,,8
2022-05-27 19:00:00,21.1,17.9,82,0,,170,14.8,,1009.3,,7
2022-05-27 20:00:00,21.1,17.9,82,0,,170,14.8,,1009.3,,7
2022-05-27 21:00:00,21.1,18.3,84,0,,160,11.2,,1009.6,,7
2022-05-27 22:00:00,20.6,18.4,87,0,,160,7.6,,1009.1,,3
2022-05-27 23:00:00,20.6,18.4,87,0,,160,7.6,,1009.1,,3
2022-05-28 00:00:00,21.1,18.3,84,0,,140,7.6,,1008.2,,3
2022-05-28 01:00:00,19.4,17.9,91,0.5,,0,0,,1006.4,,3
2022-05-28 02:00:00,19.4,17.9,91,5.6,,0,0,,1006.4,,3
2022-05-28 03:00:00,20.6,18.4,87,0,,0,0,,1005.6,,3
2022-05-28 04:00:00,20.6,18.4,87,0,,240,16.6,,1005.3,,3
2022-05-28 05:00:00,20.6,18.4,87,0,,240,9.4,,1005.7,,3
2022-05-28 06:00:00,20.6,18.9,90,0,,240,9.4,,1006,,2
2022-05-28 07:00:00,20.6,18.9,90,0,,240,9.4,,1006,,2
2022-05-28 08:00:00,21.7,18.9,84,0,,220,9.4,,1006.2,,2
2022-05-28 09:00:00,22.2,19,82,0,,220,11.2,,1006.1,,3
2022-05-28 10:00:00,24.4,18.8,71,0,,220,9.4,,1006.2,,3
2022-05-28 11:00:00,24.4,18.8,71,0,,228,9.4,,1006.2,,3
2022-05-28 12:00:00,25.6,19,67,0,,290,9.4,,1005.3,,3
2022-05-28 13:00:00,20,17.2,84,5.1,,310,20.5,,1006.5,,3
2022-05-28 14:00:00,23.9,15.1,58,2.2,,310,24.1,,1006.9,,3
2022-05-28 15:00:00,23.9,16.2,62,0,,300,25.9,,1007.6,,3
2022-05-28 16:00:00,23.9,16.2,62,0,,260,33.5,,1007.6,,3
2022-05-28 17:00:00,25,16.2,58,0,,250,20.5,,1007.5,,3
2022-05-28 18:00:00,24.4,15.6,58,0,,250,22.3,,1008.3,,3
2022-05-28 19:00:00,23.9,15.7,60,0,,260,20.5,,1009.2,,3
2022-05-28 20:00:00,23.3,15.6,62,0,,270,16.6,,1010,,3
2022-05-28 21:00:00,22.2,15.5,66,0,,290,13,,1011.2,,3
2022-05-28 22:00:00,22.2,15.5,66,0,,290,13,,1011.2,,3
2022-05-28 23:00:00,21.1,14,64,0,,310,11.2,,1013.1,,3
2022-05-29 00:00:00,21.1,14,64,0,,320,11.2,,1013.1,,3
2022-05-29 01:00:00,20,13.2,65,0,,320,11.2,,1013.5,,3
2022-05-29 02:00:00,19.4,12.9,66,0,,290,13,,1013.7,,3
2022-05-29 03:00:00,18.3,13.4,73,0,,320,13,,1014.2,,3
2022-05-29 04:00:00,17.8,12.9,73,0,,330,9.4,,1014.6,,3
2022-05-29 05:00:00,17.2,11.7,70,0,,350,7.6,,1015.5,,3
2022-05-29 06:00:00,18.3,12.3,68,0,,30,7.6,,1016.4,,3
2022-05-29 07:00:00,18.3,12.3,68,0,,30,7.6,,1016.4,,3
2022-05-29 08:00:00,21.7,12.8,57,0,,10,5.4,,1018,,3
2022-05-29 09:00:00,22.8,12.7,53,0,,0,0,,1018.3,,3
2022-05-29 10:00:00,23.3,12.9,52,0,,110,7.6,,1018.3,,3
2022-05-29 11:00:00,23.3,12.9,52,0,,110,7.6,,1018.3,,3
2022-05-29 12:00:00,24.4,11.7,45,0,,120,9.4,,1017.9,,3
2022-05-29 13:00:00,24.4,11.7,45,0,,120,5.4,,1017.9,,3
2022-05-29 14:00:00,25,11.6,43,0,,0,0,,1017.8,,3
2022-05-29 15:00:00,26.1,12.2,42,0,,160,14.8,,1017.2,,3
2022-05-29 16:00:00,26.1,12.2,42,0,,160,14.8,,1017.2,,3
2022-05-29 17:00:00,25,12.9,47,0,,160,16.6,,1016.8,,3
2022-05-29 18:00:00,23.9,12.8,50,0,,170,13,,1017.4,,3
2022-05-29 19:00:00,23.3,13.2,53,0,,160,13,,1017.5,,3
2022-05-29 20:00:00,22.8,13.3,55,0,,160,9.4,,1017.9,,3
2022-05-29 21:00:00,22.8,13.3,55,0,,160,9.4,,1017.9,,3
2022-05-29 22:00:00,21.1,13.3,61,0,,160,5.4,,1018.9,,3
2022-05-29 23:00:00,21.1,12.8,59,0,,0,0,,1019.3,,3
2022-05-30 00:00:00,19.4,12.9,66,0,,200,7.6,,1019.2,,3
2022-05-30 01:00:00,19.4,12.9,66,0,,200,7.6,,1019.2,,3
2022-05-30 02:00:00,18.3,14.4,78,0,,190,5.4,,1019.1,,3
2022-05-30 03:00:00,18.3,14.4,78,0,,230,5.4,,1019.2,,3
2022-05-30 04:00:00,17.2,13.9,81,0,,230,5.4,,1019.4,,3
2022-05-30 05:00:00,17.8,14.5,81,0,,0,0,,1019.6,,3
2022-05-30 06:00:00,17.8,14.5,81,0,,0,0,,1019.6,,3
2022-05-30 07:00:00,19.4,16.1,81,0,,220,9.4,,1020.2,,3
2022-05-30 08:00:00,21.7,16.2,71,0,,220,9.4,,1020.2,,3
2022-05-30 09:00:00,27.2,16.2,51,0,,250,11.2,,1019.9,,3
2022-05-30 10:00:00,28.9,15.8,45,0,,280,16.6,,1019.5,,3
2022-05-30 11:00:00,28.9,15.8,45,0,,280,16.6,,1019.5,,3
2022-05-30 12:00:00,30.6,16.2,42,0,,220,14.8,,1018,,3
2022-05-30 13:00:00,31.1,15.5,39,0,,200,14.8,,1017.8,,3
2022-05-30 14:00:00,32.2,16.1,38,0,,240,18.4,,1017.3,,3
2022-05-30 15:00:00,31.7,15.6,38,0,,210,20.5,,1016.7,,3
2022-05-30 16:00:00,31.7,15.6,38,0,,210,20.5,,1016.7,,3
2022-05-30 17:00:00,32.2,15.7,37,0,,250,22.3,,1016.1,,3
2022-05-30 18:00:00,32.2,16.1,38,0,,230,14.8,,1016,,3
2022-05-30 19:00:00,31.1,16.3,41,0,,230,14.8,,1016.1,,3
2022-05-30 20:00:00,31.1,16.3,41,0,,230,14.8,,1016.1,,3
2022-05-30 21:00:00,28.3,17.2,51,0,,200,11.2,,1016.2,,3
2022-05-30 22:00:00,28.3,17.8,53,0,,220,14.8,,1016.6,,3
2022-05-30 23:00:00,27.2,18.2,58,0,,220,13,,1016.5,,3
2022-05-31 00:00:00,26.1,19,65,0,,240,20.5,,1016.1,,3
2022-05-31 01:00:00,25.6,19,67,0,,240,16.6,,1015.9,,4
2022-05-31 02:00:00,25.6,19,67,0,,240,16.6,,1015.9,,3
2022-05-31 03:00:00,25,18.9,69,0,,250,16.6,,1015.3,,3
2022-05-31 04:00:00,24.4,18.8,71,0,,240,14.8,,1015.5,,3
2022-05-31 05:00:00,24.4,18.8,71,0,,240,11.2,,1015.7,,3
2022-05-31 06:00:00,24.4,18.8,71,0,,240,11.2,,1015.7,,3
2022-05-31 07:00:00,27.8,18.2,56,0,,270,16.6,,1015.6,,3
2022-05-31 08:00:00,30,18.4,50,0,,310,14.8,,1015.5,,3
2022-05-31 09:00:00,32.2,16.9,40,0,,310,14.8,,1015,,3
2022-05-31 10:00:00,33.3,16.2,36,0,,330,29.5,,1014.4,,3
2022-05-31 11:00:00,33.3,16.2,36,0,,320,29.5,,1014.4,,3
2022-05-31 12:00:00,34.4,14.8,31,0,,300,18.4,,1013.5,,3
2022-05-31 13:00:00,35.6,15.9,31,0,,300,18.4,,1013.2,,3
2022-05-31 14:00:00,36.1,15.3,29,0,,260,22.3,,1012.6,,3
2022-05-31 15:00:00,36.1,15.3,29,0,,260,22.3,,1012.6,,3
2022-05-31 16:00:00,35,15.9,32,0,,340,22.3,,1012,,3
2022-05-31 17:00:00,35,15.9,32,0,,310,14.8,,1011.7,,3
2022-05-31 18:00:00,35,13.8,28,0,,310,14.8,,1011.5,,3
2022-05-31 19:00:00,33.9,13.4,29,0,,290,13,,1011.6,,3
2022-05-31 20:00:00,33.3,14.4,32,0,,290,11.2,,1012,,3
2022-05-31 21:00:00,33.3,14.4,32,0,,290,11.2,,1012,,3
2022-05-31 22:00:00,26.1,16.6,56,0,,110,14.8,,1012.9,,3
2022-05-31 23:00:00,22.8,16.1,66,0,,80,14.8,,1013.6,,3
